"File","SHA256","Bytes"
"sfx_case_pulse.ogg","A27C6BB0DF7DA1E6AF5DD5937593C98BC58B6E513F42FE6A3254CD6A6949C648","9834"
"sfx_case_reveal.ogg","33B17A9A9A2397C62B285C52C33A907FDFFB476909C99E42DDE603F6A7A8B12C","14169"
"sfx_click.ogg","CCFB7FA0CCCDD9FAEC0EB16033C732B1E308D139D80F799161495D58F7ADCDB9","4876"
"sfx_drone_action.ogg","8F702781627C95CF9F91724DAB3BCDB46BB87CC0CCF2A350748798DBA6BC82AA","12132"
"sfx_event_failure.ogg","46E67425D16339772E8D328FB36A49426C9467418686E11BEEB71FF84B0F6433","7373"
"sfx_event_start.ogg","ABB8F9E4EB2071491B0B15F84EE302386B1847609310C1B000AE174639A6CC5A","11700"
"sfx_event_success.ogg","063564703B6094D70718A3E787A55CC9141611E4ECD6B6637F8828F79B4A8C3A","8968"
"sfx_planet_travel.ogg","4423D459FC15FDD8593A4584D71E272EC2E5F8BDC11B759DB623FC613FFD957C","7390"
"sfx_prestige.ogg","9048D651B51F528099C384566B0D4C6C597BEE8B56C48F3ADAB7A901FEBA0FA5","5868"
"sfx_resource_collect.ogg","8732F14D6398407A8F1DF77B986C2099CFD88F6583E1272CB60497CB2FE8DA1D","7362"
"music_exploration.ogg","1546F1E6D7F42E380B9F608A41E640F98ED48A96F3DF3BC704663F4C824F2E8D","5438663"
